hypothesis,oos_days,oos_trades,mean_day,t,p_one_sided,sharpe_ann,max_dd,top1pct_share,win_rate,max_losing_streak,folds_positive,neighbours_positive,stress_mean_day,mean_day_fixed:3,mean_day_fixed:4,mean_day_vol:1,tf5_mean_day,es_mean_day,selected,G1_mean_pos,G2_t_gt_2,G3_concentration,G4_folds,G5_stress,G6_neighbours,G7_timeframe,G8_market,BH,finalist,G9_uplift,best_uplift,seed
H1_volshock,522,163,-0.8413697318007579,-4.74378241849643,0.9999986438142028,-3.2960195580087084,-439.1949999999964,,0.25153374233128833,13,0,0.0,-1.471293103448273,-1.406024904214551,-1.6356465517241208,-0.8509482758620606,0.0,-1.4265804597701515,"[{'k': 8, 'window': 'RTH', 'direction': 'fade'}, {'k': 8, 'window': 'RTH', 'direction': 'fade'}, {'k': 8, 'window': 'RTH', 'direction': 'fade'}, {'k': 8, 'window': 'RTH', 'direction': 'continue'}]",False,False,False,False,False,False,False,False,False,False,False,0.0,2
H2_vwap_revert,522,269,-0.784405750562839,-1.5990970822673243,0.9447973715300982,-1.1110659792820612,-499.3007119473105,,0.3940520446096654,9,0,0.0,-1.8767201029176135,-1.796925094786199,-2.245539123128764,-0.7959000034364022,-0.6446979770227955,-2.276412751920558,"[{'z': 3.0, 'anchor': 'RTH'}, {'z': 3.0, 'anchor': 'RTH'}, {'z': 3.0, 'anchor': 'RTH'}, {'z': 3.0, 'anchor': 'RTH'}]",False,False,False,False,False,False,False,False,False,False,False,0.0,2
H3_nq_es_rel,522,137,-0.5364750957853943,-5.0869958516081395,0.9999997457438689,-3.5344871115998493,-280.03999999997603,,0.40875912408759124,7,0,0.0,-1.031570881225999,-1.0098084291186948,-1.3325095785439853,-0.5383908045976549,-0.25946360153254616,,"[{'L': 60, 'z': 3.0, 'direction': 'fade'}, {'L': 60, 'z': 3.0, 'direction': 'follow'}, {'L': 60, 'z': 3.0, 'direction': 'fade'}, {'L': 60, 'z': 3.0, 'direction': 'fade'}]",False,False,False,False,False,False,False,,False,False,False,0.0,2
H4_compress_break,522,109,-0.9863218390804596,-1.8787664389188194,0.9695827652015934,-1.3053825789863136,-613.3600000000002,,0.3302752293577982,16,0,0.0,-1.2949616858237545,-1.3175,-1.4935057471264366,-1.1295210727969347,-1.2945114942528735,-0.40779214559386956,"[{'q': 0.2, 'target_R': 1.5}, {'q': 0.2, 'target_R': 1.5}, {'q': 0.2, 'target_R': 1.5}, {'q': 0.2, 'target_R': 1.5}]",False,False,False,False,False,False,False,False,False,False,False,0.0,2
H5_news830,522,80,-0.4299808429118774,-1.1784649142685026,0.8804253694653326,-0.8188072435006777,-229.54999999999967,,0.425,5,0,0.25,-0.7320881226053638,-0.7154214559386973,-0.8581417624521073,-0.4347701149425287,-0.25300766283524895,-0.6558045977011493,"[{'m': 2.0, 'direction': 'fade', 'exit': '10:30'}, {'m': 2.0, 'direction': 'fade', 'exit': '09:29'}, {'m': 2.0, 'direction': 'fade', 'exit': '09:29'}, {'m': 2.0, 'direction': 'fade', 'exit': '10:30'}]",False,False,False,False,False,False,False,False,False,False,False,0.0,2
H6_overnight_drift,522,520,-2.772796934865987,-3.3433395503739267,0.9995563505103303,-2.3229801822549163,-1522.6350000000382,,0.22115384615384615,30,0,0.0,-4.900766283525013,-5.116618773946443,-6.17102490421463,-2.777586206896638,-2.772796934865987,-3.1417385057470613,"[{'window': '18:00-02:00'}, {'window': '18:00-09:25'}, {'window': '18:00-02:00'}, {'window': '18:00-02:00'}]",False,False,False,False,False,False,False,False,False,False,False,0.0,2
H7_delta_divergence,522,1022,-3.945210727969362,-9.463531933273867,1.0,-6.5753408542285365,-2076.759999999985,,0.32289628180039137,13,0,0.0,-7.6212739463601835,-7.386446360153285,-9.006178160919596,-4.218342911877403,-4.050785440613148,,"[{'L': 30, 'thr': 'minus1sd'}, {'L': 30, 'thr': 'minus1sd'}, {'L': 60, 'thr': 'minus1sd'}, {'L': 60, 'thr': 'minus1sd'}]",False,False,False,False,False,False,False,,False,False,False,0.0,2
H8_delta_imbalance,522,182,-1.0340996168582524,-6.415418371218649,0.9999999998421514,-4.457486149005794,-549.8699999999977,,0.21428571428571427,20,0,0.0,-1.7737931034483085,-1.7125862068965756,-2.023467432950222,-1.1191762452107354,-0.7529310344827601,,"[{'z': 3.0, 'window': 'RTH'}, {'z': 3.0, 'window': 'RTH'}, {'z': 3.0, 'window': 'RTH'}, {'z': 3.0, 'window': 'RTH'}]",False,False,False,False,False,False,False,,False,False,False,0.0,2
H1_volshock,522,200,-0.8058668582375172,-3.990510527602856,0.9999623076308876,-2.772639970613897,-427.57499999998595,,0.29,9,0,0.0,-1.553433908045935,-1.4946886973179727,-1.854937739463565,-0.8250239463601226,0.0,-1.5416044061302987,"[{'k': 8, 'window': 'RTH', 'direction': 'fade'}, {'k': 8, 'window': 'RTH', 'direction': 'fade'}, {'k': 8, 'window': 'RTH', 'direction': 'continue'}, {'k': 8, 'window': 'RTH', 'direction': 'continue'}]",False,False,False,False,False,False,False,False,False,False,False,0.0,3
H2_vwap_revert,522,242,-0.05937507593517088,-0.1271948730312179,0.5505823807593753,-0.0883760577961348,-327.7314485720753,,0.41735537190082644,11,1,0.0,-1.014824199415951,-1.0101254128153876,-1.3686988814926289,-0.07853216405777624,-0.3204740566581177,-1.4549494818229716,"[{'z': 3.0, 'anchor': 'RTH'}, {'z': 3.0, 'anchor': 'RTH'}, {'z': 3.0, 'anchor': 'RTH'}, {'z': 3.0, 'anchor': 'RTH'}]",False,False,False,False,False,False,False,False,False,False,False,24.00095852048085,3
H3_nq_es_rel,522,152,-0.6452298850574774,-5.288643854397256,0.9999999091579095,-3.6745938244277494,-336.81000000000324,,0.39473684210526316,13,0,0.0,-1.24203065134099,-1.228678160919537,-1.4761494252873768,-0.6471455938697379,-0.2915517241379241,,"[{'L': 15, 'z': 3.0, 'direction': 'follow'}, {'L': 60, 'z': 3.0, 'direction': 'follow'}, {'L': 60, 'z': 3.0, 'direction': 'follow'}, {'L': 60, 'z': 3.0, 'direction': 'follow'}]",False,False,False,False,False,False,False,,False,False,False,0.0,3
H4_compress_break,522,122,-0.30436781609195374,-0.5257209644424709,0.7003471114005353,-0.3652753073373044,-335.2549999999999,,0.4016393442622951,11,2,0.0,-0.9300957854406127,-0.8467528735632182,-1.0385632183908042,-0.6487164750957852,-0.9243390804597699,-1.157068965517241,"[{'q': 0.33, 'target_R': 1.5}, {'q': 0.2, 'target_R': 1.5}, {'q': 0.2, 'target_R': 1.5}, {'q': 0.2, 'target_R': 1.5}]",False,False,False,False,False,False,False,False,False,False,False,18.198688524583524,3
H5_news830,522,86,0.07865900383141752,0.13661745989838084,0.4456929745075049,0.09492294967720231,-274.36,9.662932294203616,0.5,4,2,0.0,-0.24402298850574686,-0.22402298850574714,-0.3753639846743296,0.07578544061302672,0.22400383141762442,-0.8270306513409961,"[{'m': 2.0, 'direction': 'fade', 'exit': '10:30'}, {'m': 2.0, 'direction': 'fade', 'exit': '10:30'}, {'m': 2.0, 'direction': 'fade', 'exit': '10:30'}, {'m': 2.0, 'direction': 'fade', 'exit': '10:30'}]",True,False,False,False,False,False,True,False,False,False,False,61.568976744185235,3
H6_overnight_drift,522,521,-2.8179406130268183,-3.248315653806714,0.999382128532797,-2.2569567870118012,-1503.9249999999874,,0.22072936660268713,21,0,0.0,-4.61816091954023,-4.581302681992332,-5.318323754789271,-2.863917624521071,-2.8179406130268183,-4.069497126436822,"[{'window': '02:00-09:25'}, {'window': '02:00-09:25'}, {'window': '18:00-09:25'}, {'window': '18:00-02:00'}]",False,False,False,False,False,False,False,False,False,False,False,0.0,3
H7_delta_divergence,522,1044,-4.5975574712644445,-10.532089235294658,1.0,-7.317783372793681,-2386.3050000000326,,0.3113026819923372,15,0,0.0,-8.520996168582453,-8.266072796934942,-10.050890804597756,-4.9141762452108075,-4.821599616858323,,"[{'L': 60, 'thr': 'zero'}, {'L': 30, 'thr': 'zero'}, {'L': 30, 'thr': 'zero'}, {'L': 30, 'thr': 'zero'}]",False,False,False,False,False,False,False,,False,False,False,0.0,3
H8_delta_imbalance,522,157,-0.8331800766284629,-5.714646546653647,0.9999999907421685,-3.970584045220058,-442.28000000005983,,0.2229299363057325,14,0,0.0,-1.4127203065135234,-1.2475862068966685,-1.4991379310346076,-0.8580842911878499,-0.661954022988595,,"[{'z': 3.0, 'window': 'RTH'}, {'z': 3.0, 'window': 'RTH'}, {'z': 3.0, 'window': 'RTH'}, {'z': 3.0, 'window': 'RTH'}]",False,False,False,False,False,False,False,,False,False,False,0.0,3
