dd,sharpe_active_day,sigma_day,p_trade,sharpe_ann,mu_day,n,p_pass,eval_fail_dd,eval_fail_timeout,median_eval_days,p_breach_before_2nd_given_pass,p_any_payout_given_pass,p_2_payouts_given_pass,mean_payouts_given_pass,median_sessions_to_1st_payout,ev_payout_per_attempt,breakeven_fee,breakeven_se,net_ev_per_attempt
2000,0.0,150,1.0,0.0,0.0,1500,0.0,0.0,1.0,,,,,0.0,,0.0,0.0,0.0,-23.4
2000,0.0,150,0.25,0.0,0.0,1500,0.0,0.0,1.0,,,,,0.0,,0.0,0.0,0.0,-23.4
2000,0.0,250,1.0,0.0,0.0,1500,0.005333333333333333,0.0,0.9946666666666667,19.0,0.5,0.625,0.375,1.5,139.0,9.537009554825092,9.537009554825092,5.438502818788613,-14.14032377850824
2000,0.0,250,0.25,0.0,0.0,1500,0.0,0.0,1.0,,,,,0.0,,0.0,0.0,0.0,-23.4
2000,0.0,350,1.0,0.0,0.0,1500,0.042666666666666665,0.0013333333333333333,0.956,17.0,0.4375,0.546875,0.34375,1.34375,42.0,73.79642639458967,73.79642639458967,16.69966801797454,48.17775972792301
2000,0.0,350,0.25,0.0,0.0,1500,0.0,0.0,1.0,,,,,0.0,,0.0,0.0,0.0,-23.4
2000,0.0,500,1.0,0.0,0.0,1500,0.14133333333333334,0.07533333333333334,0.7833333333333333,14.0,0.8160377358490566,0.419811320754717,0.17452830188679244,0.7971698113207547,29.0,153.8134556454155,153.8134556454155,23.683124754289906,123.06412231208216
2000,0.0,500,0.25,0.0,0.0,1500,0.006666666666666667,0.024666666666666667,0.9686666666666667,16.5,0.9,0.4,0.0,0.4,28.0,2.6463668304370027,2.6463668304370027,1.4325302926910635,-21.100299836229663
2000,0.0,650,1.0,0.0,0.0,1500,0.148,0.5113333333333333,0.3406666666666667,12.0,0.9054054054054054,0.23423423423423423,0.0945945945945946,0.4594594594594595,13.0,107.30424467884866,107.30424467884866,20.644478753599646,76.20824467884867
2000,0.0,650,0.25,0.0,0.0,1500,0.014,0.18533333333333332,0.8006666666666666,15.0,0.9523809523809523,0.09523809523809523,0.047619047619047616,0.19047619047619047,33.0,3.72778529436052,3.72778529436052,3.250734557501597,-20.40021470563948
2000,0.0,800,1.0,0.0,0.0,1500,0.066,0.8746666666666667,0.059333333333333335,9.0,0.9696969696969697,0.1414141414141414,0.030303030303030304,0.18181818181818182,10.0,15.19785600645212,15.19785600645212,4.971952253467334,-11.634143993547879
2000,0.0,800,0.25,0.0,0.0,1500,0.017333333333333333,0.48933333333333334,0.49333333333333335,15.0,1.0,0.038461538461538464,0.0,0.038461538461538464,26.0,0.6643017082363852,0.6643017082363852,0.6643017082363851,-23.637031625096945
2000,0.0,1200,1.0,0.0,0.0,1500,0.0033333333333333335,0.9966666666666667,0.0,4.0,1.0,0.2,0.0,0.2,8.0,1.3333333333333333,1.3333333333333333,1.3333333333333335,-22.24
2000,0.0,1200,0.25,0.0,0.0,1500,0.002,0.894,0.104,15.0,1.0,0.0,0.0,0.0,,0.0,0.0,0.0,-23.503999999999998
2000,0.05,150,1.0,0.7937253933193773,7.5,1500,0.0,0.0,1.0,,,,,0.0,,0.0,0.0,0.0,-23.4
2000,0.05,150,0.25,0.39686269665968865,7.5,1500,0.0,0.0,1.0,,,,,0.0,,0.0,0.0,0.0,-23.4
2000,0.05,250,1.0,0.7937253933193773,12.5,1500,0.016666666666666666,0.0,0.9833333333333333,19.0,0.4,0.92,0.6,2.92,109.0,54.24282846407523,54.24282846407523,14.487262711676145,29.976161797408565
2000,0.05,250,0.25,0.39686269665968865,12.5,1500,0.0,0.0,1.0,,,,,0.0,,0.0,0.0,0.0,-23.4
2000,0.05,350,1.0,0.7937253933193773,17.5,1500,0.07,0.0006666666666666666,0.9293333333333333,17.0,0.5333333333333333,0.8095238095238095,0.44761904761904764,2.0285714285714285,63.0,188.3183187237683,188.3183187237683,27.713047470301028,161.27831872376828
2000,0.05,350,0.25,0.39686269665968865,17.5,1500,0.0013333333333333333,0.0,0.9986666666666667,21.0,0.5,0.5,0.5,1.0,318.0,1.2977963437383782,1.2977963437383782,1.2977963437383782,-22.171536989594955
2000,0.05,500,1.0,0.7937253933193773,25.0,1500,0.18666666666666668,0.08733333333333333,0.726,14.0,0.6464285714285715,0.5857142857142857,0.3535714285714286,1.3607142857142858,26.5,372.6368621059678,372.6368621059678,37.53066098318658,339.53019543930117
2000,0.05,500,0.25,0.39686269665968865,25.0,1500,0.011333333333333334,0.021333333333333333,0.9673333333333334,17.0,0.5882352941176471,0.4117647058823529,0.35294117647058826,1.0,120.0,16.722095792659005,16.722095792659005,7.336873150304817,-7.267237540674327
2000,0.05,650,1.0,0.7937253933193773,32.5,1500,0.17933333333333334,0.482,0.33866666666666667,12.0,0.8773234200743495,0.29739776951672864,0.12267657992565056,0.6022304832713755,14.0,166.16501774455696,166.16501774455696,26.794270738061893,133.43968441122362
2000,0.05,650,0.25,0.39686269665968865,32.5,1500,0.02266666666666667,0.18866666666666668,0.7886666666666666,17.0,0.9411764705882353,0.23529411764705882,0.058823529411764705,0.4117647058823529,65.0,15.395554300103395,15.395554300103395,7.764349442410549,-9.18311236656327
2000,0.05,800,1.0,0.7937253933193773,40.0,1500,0.07733333333333334,0.8713333333333333,0.051333333333333335,8.0,0.9051724137931034,0.16379310344827586,0.09482758620689655,0.49137931034482757,10.0,69.24069814684474,69.24069814684474,20.05500553848433,41.819364813511406
2000,0.05,800,0.25,0.39686269665968865,40.0,1500,0.024,0.478,0.498,16.0,0.9722222222222222,0.1111111111111111,0.027777777777777776,0.25,68.5,9.931699596749212,9.931699596749212,7.48301625442645,-14.716300403250786
2000,0.05,1200,1.0,0.7937253933193773,60.0,1500,0.0033333333333333335,0.9966666666666667,0.0,4.0,1.0,0.0,0.0,0.0,,0.0,0.0,0.0,-23.57333333333333
2000,0.05,1200,0.25,0.39686269665968865,60.0,1500,0.004,0.882,0.114,11.0,1.0,0.0,0.0,0.0,,0.0,0.0,0.0,-23.607999999999997
2000,0.1,150,1.0,1.5874507866387546,15.0,1500,0.0,0.0,1.0,,,,,0.0,,0.0,0.0,0.0,-23.4
2000,0.1,150,0.25,0.7937253933193773,15.0,1500,0.0,0.0,1.0,,,,,0.0,,0.0,0.0,0.0,-23.4
2000,0.1,250,1.0,1.5874507866387546,25.0,1500,0.015333333333333332,0.0,0.9846666666666667,19.0,0.34782608695652173,0.8695652173913043,0.6521739130434783,3.130434782608696,52.0,55.24613972852112,55.24613972852112,14.874502185895176,31.04880639518779
2000,0.1,250,0.25,0.7937253933193773,25.0,1500,0.0,0.0,1.0,,,,,0.0,,0.0,0.0,0.0,-23.4
2000,0.1,350,1.0,1.5874507866387546,35.0,1500,0.10733333333333334,0.0006666666666666666,0.892,16.0,0.2795031055900621,0.8944099378881988,0.7204968944099379,3.2049689440993787,49.0,495.1714849425971,495.1714849425971,48.18026585320656,466.1901516092638
2000,0.1,350,0.25,0.7937253933193773,35.0,1500,0.0013333333333333333,0.0,0.9986666666666667,14.5,1.0,0.5,0.0,0.5,99.0,0.5010586724081076,0.5010586724081076,0.5010586724081075,-22.968274660925225
2000,0.1,500,1.0,1.5874507866387546,50.0,1500,0.252,0.07266666666666667,0.6753333333333333,14.0,0.5978835978835979,0.6613756613756614,0.4021164021164021,1.8465608465608465,23.5,726.0475808703437,726.0475808703437,57.8374850314669,689.5435808703437
2000,0.1,500,0.25,0.7937253933193773,50.0,1500,0.016,0.012666666666666666,0.9713333333333334,17.5,0.6666666666666666,0.5833333333333334,0.3333333333333333,1.5833333333333333,95.5,38.457094990295744,38.457094990295744,14.017794950087238,14.225094990295744
2000,0.1,650,1.0,1.5874507866387546,65.0,1500,0.21466666666666667,0.4886666666666667,0.2966666666666667,11.0,0.7732919254658385,0.4254658385093168,0.2267080745341615,1.108695652173913,12.0,401.5270300423508,401.5270300423508,45.41655050984907,366.9643633756842
2000,0.1,650,0.25,0.7937253933193773,65.0,1500,0.024,0.19133333333333333,0.7846666666666666,15.0,0.7222222222222222,0.4166666666666667,0.2777777777777778,1.3333333333333333,48.0,54.86523455368677,54.86523455368677,17.499302674624108,30.21723455368677
2000,0.1,800,1.0,1.5874507866387546,80.0,1500,0.09133333333333334,0.872,0.03666666666666667,8.0,0.8613138686131386,0.22627737226277372,0.1386861313868613,0.6715328467153284,10.0,109.21388216651724,109.21388216651724,25.080008591995938,81.06454883318389
2000,0.1,800,0.25,0.7937253933193773,80.0,1500,0.02666666666666667,0.4693333333333333,0.504,15.5,0.925,0.2,0.075,0.4,26.0,16.953470738480625,16.953470738480625,9.24989737191002,-7.83319592818604
2000,0.1,1200,1.0,1.5874507866387546,120.0,1500,0.006666666666666667,0.9933333333333333,0.0,4.0,1.0,0.0,0.0,0.0,,0.0,0.0,0.0,-23.746666666666666
2000,0.1,1200,0.25,0.7937253933193773,120.0,1500,0.004,0.8926666666666667,0.10333333333333333,14.0,1.0,0.0,0.0,0.0,,0.0,0.0,0.0,-23.607999999999997
2000,0.15,150,1.0,2.3811761799581315,22.5,1500,0.0,0.0,1.0,,,,,0.0,,0.0,0.0,0.0,-23.4
2000,0.15,150,0.25,1.1905880899790657,22.5,1500,0.0,0.0,1.0,,,,,0.0,,0.0,0.0,0.0,-23.4
2000,0.15,250,1.0,2.3811761799581315,37.5,1500,0.034,0.0,0.966,19.0,0.0784313725490196,0.9803921568627451,0.9215686274509803,5.215686274509804,69.0,225.48976492380754,225.48976492380754,33.04402960162125,200.32176492380754
2000,0.15,250,0.25,1.1905880899790657,37.5,1500,0.0,0.0,1.0,,,,,0.0,,0.0,0.0,0.0,-23.4
2000,0.15,350,1.0,2.3811761799581315,52.5,1500,0.14333333333333334,0.0006666666666666666,0.856,17.0,0.19534883720930232,0.8976744186046511,0.8046511627906977,4.051162790697674,36.0,881.156374860772,881.156374860772,66.90507360545621,850.3030415274386
2000,0.15,350,0.25,1.1905880899790657,52.5,1500,0.0026666666666666666,0.0006666666666666666,0.9966666666666667,17.0,0.25,1.0,0.75,4.75,121.5,18.845962237355906,18.845962237355906,10.673356318394362,-4.692704429310759
2000,0.15,500,1.0,2.3811761799581315,75.0,1500,0.31733333333333336,0.08533333333333333,0.5973333333333334,14.0,0.43487394957983194,0.7626050420168067,0.5651260504201681,2.7142857142857144,20.0,1430.104318183364,1430.104318183364,84.54277124562395,1390.2029848500306
2000,0.15,500,0.25,1.1905880899790657,75.0,1500,0.013333333333333334,0.025333333333333333,0.9613333333333334,18.0,0.5,0.85,0.5,2.5,63.0,52.70310827796705,52.70310827796705,16.607026591715734,28.609774944633713
2000,0.15,650,1.0,2.3811761799581315,97.5,1500,0.25933333333333336,0.5113333333333333,0.22933333333333333,11.0,0.699228791773779,0.4498714652956298,0.30077120822622105,1.5038560411311055,11.0,669.646153426494,669.646153426494,61.566840148317546,632.7608200931608
2000,0.15,650,0.25,1.1905880899790657,97.5,1500,0.037333333333333336,0.192,0.7706666666666667,17.0,0.6964285714285714,0.3392857142857143,0.30357142857142855,1.5357142857142858,51.0,101.7480569807403,101.7480569807403,25.7211179991368,76.40672364740696
2000,0.15,800,1.0,2.3811761799581315,120.0,1500,0.09933333333333333,0.868,0.03266666666666666,9.0,0.8657718120805369,0.2684563758389262,0.1342281879194631,0.785234899328859,12.0,141.57146156738295,141.57146156738295,29.141119967383492,113.00612823404961
2000,0.15,800,0.25,1.1905880899790657,120.0,1500,0.023333333333333334,0.46,0.5166666666666667,14.0,0.8571428571428571,0.2,0.14285714285714285,0.8,28.0,35.15784280254424,35.15784280254424,15.509061460507723,10.544509469210906
2000,0.15,1200,1.0,2.3811761799581315,180.0,1500,0.005333333333333333,0.9946666666666667,0.0,4.0,0.875,0.25,0.125,0.875,7.5,9.333333333333334,9.333333333333334,8.109472613416292,-14.343999999999998
2000,0.15,1200,0.25,1.1905880899790657,180.0,1500,0.005333333333333333,0.8906666666666667,0.104,17.0,1.0,0.125,0.0,0.125,26.0,1.3333333333333333,1.3333333333333333,1.3333333333333337,-22.344
2000,0.2,150,1.0,3.174901573277509,30.0,1500,0.0006666666666666666,0.0,0.9993333333333333,16.0,0.0,1.0,1.0,6.0,61.0,5.965073677985643,5.965073677985643,5.965073677985642,-17.469592988681022
2000,0.2,150,0.25,1.5874507866387546,30.0,1500,0.0,0.0,1.0,,,,,0.0,,0.0,0.0,0.0,-23.4
2000,0.2,250,1.0,3.174901573277509,50.0,1500,0.058666666666666666,0.0,0.9413333333333334,18.0,0.045454545454545456,0.9886363636363636,0.9545454545454546,5.3522727272727275,48.0,392.98187322234065,392.98187322234065,42.797198342153926,366.53120655567403
2000,0.2,250,0.25,1.5874507866387546,50.0,1500,0.0,0.0,1.0,,,,,0.0,,0.0,0.0,0.0,-23.4
2000,0.2,350,1.0,3.174901573277509,70.0,1500,0.21333333333333335,0.0006666666666666666,0.786,17.0,0.159375,0.925,0.840625,4.5625,31.0,1523.94313179697,1523.94313179697,87.55159110955296,1489.4497984636366
2000,0.2,350,0.25,1.5874507866387546,70.0,1500,0.0026666666666666666,0.0,0.9973333333333333,19.0,0.25,0.75,0.75,3.75,126.0,16.383313710985483,16.383313710985483,10.090883411582954,-7.155352955681182
2000,0.2,500,1.0,3.174901573277509,100.0,1500,0.41133333333333333,0.064,0.5246666666666666,13.0,0.35170178282009723,0.7990275526742301,0.6482982171799028,3.372771474878444,18.0,2380.0437419116074,2380.0437419116074,107.47876244486362,2335.254408578274
2000,0.2,500,0.25,1.5874507866387546,100.0,1500,0.017333333333333333,0.024,0.9586666666666667,18.0,0.38461538461538464,0.8461538461538461,0.6153846153846154,3.5,101.5,104.45114819517465,104.45114819517465,25.94691722547654,80.14981486184132
2000,0.2,650,1.0,3.174901573277509,130.0,1500,0.3293333333333333,0.462,0.20866666666666667,11.0,0.5870445344129555,0.5182186234817814,0.41295546558704455,2.248987854251012,12.0,1328.5924854240102,1328.5924854240102,88.56116819489792,1288.0671520906767
2000,0.2,650,0.25,1.5874507866387546,130.0,1500,0.04133333333333333,0.194,0.7646666666666667,15.5,0.6451612903225806,0.45161290322580644,0.3548387096774194,1.8225806451612903,64.0,134.79778958045787,134.79778958045787,29.532599177620135,109.24845624712454
2000,0.2,800,1.0,3.174901573277509,160.0,1500,0.12466666666666666,0.84,0.035333333333333335,9.0,0.8021390374331551,0.2620320855614973,0.19786096256684493,1.1016042780748663,8.0,258.3868199600719,258.3868199600719,42.233750965396126,228.5041532934052
2000,0.2,800,0.25,1.5874507866387546,160.0,1500,0.03,0.45866666666666667,0.5113333333333333,14.0,0.8,0.37777777777777777,0.2,1.1555555555555554,40.0,61.863679273357036,61.863679273357036,19.52009774002543,36.903679273357035
2000,0.2,1200,1.0,3.174901573277509,240.0,1500,0.010666666666666666,0.9893333333333333,0.0,5.0,1.0,0.0625,0.0,0.0625,15.0,1.3333333333333333,1.3333333333333333,1.3333333333333337,-22.621333333333332
2000,0.2,1200,0.25,1.5874507866387546,240.0,1500,0.0026666666666666666,0.9046666666666666,0.09266666666666666,11.5,1.0,0.25,0.0,0.25,39.0,0.8360898443682624,0.8360898443682624,0.8360898443682625,-22.7025768222984
2000,0.3,150,1.0,4.762352359916263,45.0,1500,0.002,0.0,0.998,21.0,0.0,1.0,1.0,6.0,57.0,15.635716610979404,15.635716610979404,9.166257341867098,-7.868283389020594
2000,0.3,150,0.25,2.3811761799581315,45.0,1500,0.0,0.0,1.0,,,,,0.0,,0.0,0.0,0.0,-23.4
2000,0.3,250,1.0,4.762352359916263,75.0,1500,0.12066666666666667,0.0,0.8793333333333333,18.0,0.011049723756906077,0.988950276243094,0.988950276243094,5.8121546961325965,32.0,946.2462463948028,946.2462463948028,67.40835554661317,916.5715797281362
2000,0.3,250,0.25,2.3811761799581315,75.0,1500,0.0,0.0,1.0,,,,,0.0,,0.0,0.0,0.0,-23.4
2000,0.3,350,1.0,4.762352359916263,105.0,1500,0.3586666666666667,0.0,0.6413333333333333,16.0,0.0687732342007435,0.9628252788104089,0.9312267657992565,5.379182156133829,22.0,3112.4654330655444,3112.4654330655444,116.19190479272872,3070.414766398878
2000,0.3,350,0.25,2.3811761799581315,105.0,1500,0.004,0.0,0.996,17.0,0.0,1.0,1.0,5.333333333333333,123.5,35.16731801635585,35.16731801635585,15.042779317446605,11.559318016355851
2000,0.3,500,1.0,4.762352359916263,150.0,1500,0.5573333333333333,0.08866666666666667,0.354,13.0,0.20574162679425836,0.8576555023923444,0.7942583732057417,4.479665071770335,15.0,4411.362381519849,4411.362381519849,132.4661651166456,4358.981048186516
2000,0.3,500,0.25,2.3811761799581315,150.0,1500,0.030666666666666665,0.028,0.9413333333333334,18.0,0.1956521739130435,0.8913043478260869,0.8043478260869565,4.695652173913044,58.0,255.3200198513545,255.3200198513545,41.734610012370915,230.32535318468783
2000,0.3,650,1.0,4.762352359916263,195.0,1500,0.38666666666666666,0.4693333333333333,0.144,11.0,0.49137931034482757,0.6155172413793103,0.5086206896551724,2.9310344827586206,11.0,2075.1359735390765,2075.1359735390765,108.85426884753392,2031.6293068724099
2000,0.3,650,0.25,2.3811761799581315,195.0,1500,0.064,0.208,0.728,16.0,0.46875,0.6354166666666666,0.53125,2.9791666666666665,47.0,345.0999153776841,345.0999153776841,48.63263975463229,318.37191537768416
2000,0.3,800,1.0,4.762352359916263,240.0,1500,0.148,0.8346666666666667,0.017333333333333333,7.0,0.7297297297297297,0.36486486486486486,0.2702702702702703,1.6711711711711712,8.0,465.1130669729012,465.1130669729012,57.1667534528843,434.0170669729012
2000,0.3,800,0.25,2.3811761799581315,240.0,1500,0.03266666666666666,0.514,0.4533333333333333,18.0,0.6938775510204082,0.40816326530612246,0.30612244897959184,1.8775510204081634,40.0,118.52390400168144,118.52390400168144,29.12990072170412,93.42523733501477
2000,0.3,1200,1.0,4.762352359916263,360.0,1500,0.009333333333333334,0.9906666666666667,0.0,5.0,0.9285714285714286,0.07142857142857142,0.07142857142857142,0.42857142857142855,6.0,7.638273289118398,7.638273289118398,7.638273289118399,-16.247060044214933
2000,0.3,1200,0.25,2.3811761799581315,360.0,1500,0.0013333333333333333,0.9066666666666666,0.092,13.5,1.0,0.0,0.0,0.0,,0.0,0.0,0.0,-23.46933333333333
2000,0.5,150,1.0,7.937253933193772,75.0,1500,0.014666666666666666,0.0,0.9853333333333333,20.0,0.0,1.0,1.0,6.0,33.5,139.7343004261958,139.7343004261958,29.748526881268738,115.57163375952913
2000,0.5,150,0.25,3.968626966596886,75.0,1500,0.0,0.0,1.0,,,,,0.0,,0.0,0.0,0.0,-23.4
2000,0.5,250,1.0,7.937253933193772,125.0,1500,0.406,0.0,0.594,17.0,0.0016420361247947454,0.9983579638752053,0.9983579638752053,5.990147783251231,21.0,3712.0568800436854,3712.0568800436854,117.0217238340848,3667.544880043685
2000,0.5,250,0.25,3.968626966596886,125.0,1500,0.0033333333333333335,0.0,0.9966666666666667,19.0,0.0,1.0,1.0,6.0,72.0,33.27353202766222,33.27353202766222,14.898158579787939,9.700198694328888
2000,0.5,350,1.0,7.937253933193772,175.0,1500,0.698,0.0006666666666666666,0.30133333333333334,14.0,0.0066857688634192934,0.9961795606494747,0.9933142311365807,5.940783190066858,15.0,7058.441804538274,7058.441804538274,122.50507477656079,6998.745804538274
2000,0.5,350,0.25,3.968626966596886,175.0,1500,0.018666666666666668,0.0,0.9813333333333333,17.0,0.0,1.0,1.0,6.0,52.0,191.11673762102814,191.11673762102814,35.87482058399474,166.74607095436147
2000,0.5,500,1.0,7.937253933193772,250.0,1500,0.7773333333333333,0.1,0.12266666666666666,11.0,0.05917667238421955,0.9614065180102916,0.9408233276157805,5.606346483704974,11.0,7929.326040922789,7929.326040922789,125.47920642140565,7865.504707589455
2000,0.5,500,0.25,3.968626966596886,250.0,1500,0.09,0.03666666666666667,0.8733333333333333,17.0,0.07407407407407407,0.9481481481481482,0.9259259259259259,5.54074074074074,43.5,905.709165410864,905.709165410864,77.65629341170478,877.6291654108641
2000,0.5,650,1.0,7.937253933193772,325.0,1500,0.49466666666666664,0.4706666666666667,0.034666666666666665,9.0,0.2816711590296496,0.7587601078167115,0.7183288409703504,4.318059299191375,9.0,4018.220921901862,4018.220921901862,139.19773859810522,3969.098255235195
2000,0.5,650,0.25,3.968626966596886,325.0,1500,0.10333333333333333,0.2713333333333333,0.6253333333333333,16.0,0.2903225806451613,0.7290322580645161,0.7096774193548387,4.232258064516129,34.0,823.9833885749161,823.9833885749161,75.85603257704419,795.2100552415828
2000,0.5,800,1.0,7.937253933193772,400.0,1500,0.18466666666666667,0.81,0.005333333333333333,7.0,0.5884476534296029,0.4620938628158845,0.41155234657039713,2.4620938628158844,7.0,870.0440746920376,870.0440746920376,78.14720281348097,837.041408025371
2000,0.5,800,0.25,3.968626966596886,400.0,1500,0.06866666666666667,0.5653333333333334,0.366,15.0,0.6601941747572816,0.3786407766990291,0.33980582524271846,2.0776699029126213,30.0,276.30550061709715,276.30550061709715,45.58173602718201,249.3348339504305
2000,0.5,1200,1.0,7.937253933193772,600.0,1500,0.012,0.988,0.0,4.0,0.9444444444444444,0.05555555555555555,0.05555555555555555,0.3333333333333333,6.0,7.94081230674797,7.94081230674797,7.9408123067479695,-16.08318769325203
2000,0.5,1200,0.25,3.968626966596886,600.0,1500,0.005333333333333333,0.9253333333333333,0.06933333333333333,14.5,0.875,0.125,0.125,0.75,12.0,8.0,8.0,8.0,-15.677333333333332
