hypothesis,oos_days,oos_trades,mean_day,t,p_one_sided,sharpe_ann,max_dd,top1pct_share,win_rate,max_losing_streak,folds_positive,neighbours_positive,stress_mean_day,mean_day_fixed:3,mean_day_fixed:4,mean_day_vol:1,tf5_mean_day,es_mean_day,selected,G1_mean_pos,G2_t_gt_2,G3_concentration,G4_folds,G5_stress,G6_neighbours,G7_timeframe,G8_market,BH,G8_pending,finalist,provisional,G9_uplift,best_uplift,seed
H1_volshock,261,132,0.2639367816092818,0.8110158938363606,0.2090491576897597,0.7969101935632472,-70.66249999999854,0.8972963164576465,0.4015151515151515,8,2,0.5,-1.64041187739453,-1.4954693486588861,-2.3052394636014095,-0.6433620689654084,0.0,-3.3682854406132745,"[{'k': 4, 'window': 'RTH', 'direction': 'continue'}, {'k': 8, 'window': 'RTH', 'direction': 'continue'}, {'k': 8, 'window': 'ALL', 'direction': 'continue'}, {'k': 8, 'window': 'ALL', 'direction': 'continue'}]",True,False,False,False,False,True,False,False,False,False,False,False,False,0.0,60
H2_vwap_revert,261,225,-0.5516299196043567,-0.8858441567359864,0.8117399626216786,-0.870436996088987,-302.31623712823057,,0.37777777777777777,10,1,0.375,-3.86674240337644,-3.7985037005313305,-4.489990608982803,-2.094727616512531,0.6523480045167489,-3.420073482648113,"[{'z': 3.0, 'anchor': 'RTH'}, {'z': 3.0, 'anchor': 'RTH'}, {'z': 3.0, 'anchor': 'RTH'}, {'z': 2.0, 'anchor': 'GLOBEX'}]",False,False,False,False,False,False,True,False,False,False,False,False,False,0.0,60
H3_nq_es_rel,261,86,-0.2126819923371447,-1.370156493884059,0.9140900057749655,-1.3463258674106793,-79.33999999999287,,0.43023255813953487,8,1,0.0,-1.3810344827585772,-1.3583908045976498,-1.73980842911871,-0.8066283524903869,0.04739463601534964,,"[{'L': 15, 'z': 3.0, 'direction': 'follow'}, {'L': 15, 'z': 3.0, 'direction': 'follow'}, {'L': 15, 'z': 3.0, 'direction': 'follow'}, {'L': 60, 'z': 3.0, 'direction': 'follow'}]",False,False,False,False,False,False,True,,False,False,False,False,False,0.0,60
H4_compress_break,261,64,-0.6355363984674329,-0.6673844762785661,0.7474407612713512,-0.6557769042681295,-363.625,,0.3125,7,1,0.0,-1.4520881226053635,-1.4001340996168583,-1.562969348659004,-1.1051149425287357,-0.9564176245210728,0.33561302681992355,"[{'q': 0.2, 'target_R': 1.5}, {'q': 0.2, 'target_R': 3.0}, {'q': 0.2, 'target_R': 1.5}, {'q': 0.33, 'target_R': 3.0}]",False,False,False,False,False,False,False,True,False,False,False,False,False,0.0,60
H5_news830,261,43,0.17624521072796934,1.1181737285486686,0.1322624410867698,1.0987257453611041,-23.5,0.782608695652174,0.5116279069767442,3,4,0.5,-0.49593869731800766,-0.4893486590038313,-0.6540996168582375,-0.1598467432950191,0.0,-0.5887739463601531,"[{'m': 2.0, 'direction': 'continue', 'exit': '09:29'}, {'m': 2.0, 'direction': 'continue', 'exit': '09:29'}, {'m': 2.0, 'direction': 'continue', 'exit': '09:29'}, {'m': 2.0, 'direction': 'continue', 'exit': '09:29'}]",True,False,False,True,False,True,False,False,False,False,False,False,False,0.0,60
H6_overnight_drift,261,261,-0.17442528735632742,-0.2615290197916413,0.6030541856239262,-0.25698034202350084,-159.77500000000146,,0.4521072796934866,7,2,0.75,-4.256915708812285,-4.100249042145629,-5.091628352490457,-2.16672413793105,-0.17442528735632742,-3.9686398467432595,"[{'window': '02:00-04:00'}, {'window': '02:00-04:00'}, {'window': '02:00-04:00'}, {'window': '02:00-04:00'}]",False,False,False,False,False,True,False,False,False,False,False,False,False,0.0,60
H7_delta_divergence,261,519,-1.004885057471507,-1.7550908872270437,0.959789235188666,-1.7245652388452466,-316.0700000000652,,0.31021194605009633,19,0,0.0,-8.43641762452126,-8.243180076628544,-10.025172413793275,-5.021302681992543,-1.3813601532569135,,"[{'L': 30, 'thr': 'minus1sd'}, {'L': 30, 'thr': 'minus1sd'}, {'L': 30, 'thr': 'minus1sd'}, {'L': 30, 'thr': 'zero'}]",False,False,False,False,False,False,False,,False,False,False,False,False,0.0,60
H8_delta_imbalance,261,185,-0.6080076628352161,-2.0093565865761764,0.9772336399053047,-1.974408588679395,-205.02000000000407,,0.2648648648648649,13,0,0.0,-3.5685057471264017,-3.4351724137930626,-4.062796934865872,-2.20651340996163,-0.9348659003831556,,"[{'z': 3.0, 'window': 'RTH'}, {'z': 2.0, 'window': 'RTH'}, {'z': 3.0, 'window': 'RTH'}, {'z': 2.0, 'window': 'RTH'}]",False,False,False,False,False,False,False,,False,False,False,False,False,0.0,60
H1_volshock,261,129,0.10981800766288542,0.34557890331899105,0.36496932050410624,0.33956837693106745,-63.700000000008004,2.7095508068021523,0.3488372093023256,8,2,0.08333333333333333,-1.9054885057470734,-1.927969348658976,-2.485871647509533,-0.9531992337164052,-0.020354406130268198,-2.2615804597700837,"[{'k': 4, 'window': 'RTH', 'direction': 'continue'}, {'k': 4, 'window': 'RTH', 'direction': 'continue'}, {'k': 4, 'window': 'RTH', 'direction': 'continue'}, {'k': 4, 'window': 'RTH', 'direction': 'continue'}]",True,False,False,False,False,False,False,False,False,False,False,False,False,8.958750000005239,61
H2_vwap_revert,261,327,-0.6246631306076078,-0.9752482825761131,0.834828197555883,-0.9582861489478628,-290.42471361177013,,0.3853211009174312,9,0,0.5416666666666666,-5.4828278063543765,-5.523442282455368,-6.763628272531275,-2.8973205071167505,-0.4654615600260673,-3.9687567218433117,"[{'z': 3.0, 'anchor': 'RTH'}, {'z': 3.0, 'anchor': 'RTH'}, {'z': 2.5, 'anchor': 'GLOBEX'}, {'z': 2.5, 'anchor': 'GLOBEX'}]",False,False,False,False,False,True,False,False,False,False,False,False,False,0.0,61
H3_nq_es_rel,261,62,-0.09298850574710023,-0.7316796228240146,0.7674884528230976,-0.718953789046973,-37.359999999993306,,0.45161290322580644,6,2,0.08333333333333333,-1.06436781609192,-0.9926819923371324,-1.2855938697317473,-0.5960153256704597,-0.04057471264366478,,"[{'L': 15, 'z': 3.0, 'direction': 'follow'}, {'L': 60, 'z': 3.0, 'direction': 'follow'}, {'L': 60, 'z': 3.0, 'direction': 'follow'}, {'L': 60, 'z': 3.0, 'direction': 'fade'}]",False,False,False,False,False,False,False,,False,False,False,False,False,0.0,61
H4_compress_break,261,73,-1.2547892720306513,-1.1706911852991118,0.8786026038232663,-1.1503297853589805,-474.25,,0.2465753424657534,7,0,0.0,-2.352835249042145,-2.245862068965517,-2.4297701149425284,-1.9910727969348658,-1.6226053639846743,-0.8959578544061301,"[{'q': 0.33, 'target_R': 3.0}, {'q': 0.33, 'target_R': 3.0}, {'q': 0.33, 'target_R': 3.0}, {'q': 0.2, 'target_R': 3.0}]",False,False,False,False,False,False,False,False,False,False,False,False,False,0.0,61
H5_news830,261,36,0.013409961685823755,0.03537300567921005,0.4859047257352295,0.0347577760398625,-95.5,26.571428571428573,0.5,4,2,0.49999999999999994,-0.5493486590038313,-0.543831417624521,-0.6817624521072796,-0.2679693486590038,0.38697318007662834,-0.9998084291187737,"[{'m': 2.0, 'direction': 'continue', 'exit': '09:29'}, {'m': 2.0, 'direction': 'continue', 'exit': '09:29'}, {'m': 2.0, 'direction': 'fade', 'exit': '10:30'}, {'m': 2.0, 'direction': 'continue', 'exit': '09:29'}]",True,False,False,False,False,False,True,False,False,False,False,False,False,0.0,61
H6_overnight_drift,261,260,-1.2751915708813264,-1.0993991299884616,0.8636945280104764,-1.0802776864680614,-570.8000000000065,,0.23076923076923078,19,1,0.75,-4.901340996168683,-4.478352490421555,-5.428927203065242,-3.24750957854416,-1.2751915708813264,-3.14449233716482,"[{'window': '18:00-02:00'}, {'window': '18:00-02:00'}, {'window': '18:00-09:25'}, {'window': '18:00-09:25'}]",False,False,False,False,False,True,False,False,False,False,False,False,False,0.0,61
H7_delta_divergence,261,522,-0.44036398467423693,-0.7725857067967145,0.779765329614895,-0.7591484085906145,-239.09999999996944,,0.3371647509578544,17,1,0.0,-7.722969348658924,-7.422375478927092,-9.069310344827484,-4.412509578543975,1.0562835249043072,,"[{'L': 30, 'thr': 'minus1sd'}, {'L': 30, 'thr': 'minus1sd'}, {'L': 30, 'thr': 'zero'}, {'L': 60, 'thr': 'zero'}]",False,False,False,False,False,False,True,,False,False,False,False,False,2.9853074712684435,61
H8_delta_imbalance,261,79,-0.39429118773950483,-2.0774923107069303,0.9806311210903877,-2.0413592532943188,-116.1100000000115,,0.22784810126582278,15,0,0.125,-1.7045593869732278,-1.625402298850626,-1.8178160919540716,-1.1198467432950678,-0.22846743295019548,,"[{'z': 3.0, 'window': 'RTH'}, {'z': 3.0, 'window': 'RTH'}, {'z': 3.0, 'window': 'RTH'}, {'z': 3.0, 'window': 'RTH'}]",False,False,False,False,False,False,False,,False,False,False,False,False,0.0,61
