label,trades,win_rate,avg_win,avg_loss,expectancy,t_stat,profit_factor,net,max_dd,months,avg_month,med_month,worst_month,pos_months,breached,breach_date,target_hits,stop_hits,eod_hits,cfg
"{'target_mode': 'rmult', 'rr': 2.0, 'stop_points': 20.0, 'entry_session': 'rth'}",911,33.36992316136114,391.10526315789474,-210.55518945634267,-9.781558726673985,-1.0379452763608972,0.9302776843208901,-8911.0,-13205.0,50,-178.22,-311.0,-2588.0,42.0,True,2022-09-26,33.04061470911087,66.30076838638858,0.6586169045005488,"{'target_mode': 'rmult', 'rr': 2.0, 'stop_points': 20.0, 'entry_session': 'rth'}"
"{'target_mode': 'rmult', 'rr': 2.0, 'stop_points': 20.0, 'entry_session': 'full'}",974,30.80082135523614,392.73333333333335,-210.41394658753708,-24.639630390143736,-2.7565472248902827,0.8307772583363301,-23999.0,-23788.0,50,-479.98,-590.0,-3116.0,40.0,True,2022-08-23,30.69815195071869,68.8911704312115,0.41067761806981523,"{'target_mode': 'rmult', 'rr': 2.0, 'stop_points': 20.0, 'entry_session': 'full'}"
"{'target_mode': 'rmult', 'rr': 2.0, 'stop_points': 30.0, 'entry_session': 'rth'}",911,34.68715697036224,576.0332278481013,-307.89495798319325,-1.2854006586169044,-0.09136493735839957,0.9936079913754282,-1171.0,-16467.5,50,-23.42,-323.5,-4099.0,40.0,True,2022-08-22,33.15038419319429,64.21514818880351,2.634467618002195,"{'target_mode': 'rmult', 'rr': 2.0, 'stop_points': 30.0, 'entry_session': 'rth'}"
"{'target_mode': 'rmult', 'rr': 2.0, 'stop_points': 30.0, 'entry_session': 'full'}",974,30.28747433264887,588.8813559322034,-308.3048600883652,-36.56981519507187,-2.756883245446803,0.8298501473686222,-35619.0,-36484.5,50,-712.38,-1058.5,-5421.0,38.0,True,2022-08-15,29.97946611909651,68.8911704312115,1.1293634496919918,"{'target_mode': 'rmult', 'rr': 2.0, 'stop_points': 30.0, 'entry_session': 'full'}"
"{'target_mode': 'rmult', 'rr': 2.0, 'stop_points': 50.0, 'entry_session': 'rth'}",911,36.44346871569704,893.5331325301205,-495.5682210708117,10.668496158068058,0.46730064819849304,1.033871900855249,9719.0,-18685.5,50,194.38,270.75,-5973.5,52.0,True,2022-08-11,31.06476399560922,60.70252469813392,8.232711306256862,"{'target_mode': 'rmult', 'rr': 2.0, 'stop_points': 50.0, 'entry_session': 'rth'}"
"{'target_mode': 'rmult', 'rr': 2.0, 'stop_points': 50.0, 'entry_session': 'full'}",974,32.54620123203286,944.0630914826498,-499.07838660578386,-29.390657084188913,-1.3354573737547664,0.9126960043550594,-28626.5,-38750.0,50,-572.53,-768.5,-6216.0,38.0,True,2022-08-10,29.97946611909651,65.19507186858317,4.825462012320329,"{'target_mode': 'rmult', 'rr': 2.0, 'stop_points': 50.0, 'entry_session': 'full'}"
"{'target_mode': 'rmult', 'rr': 2.0, 'stop_points': 80.0, 'entry_session': 'rth'}",911,39.73655323819978,1087.5911602209944,-733.5227686703097,-9.874862788144895,-0.30523177008001695,0.9776610115618419,-8996.0,-40596.5,50,-179.92,-476.0,-8738.5,48.0,True,2022-08-10,20.417124039517017,51.37211855104281,28.210757409440173,"{'target_mode': 'rmult', 'rr': 2.0, 'stop_points': 80.0, 'entry_session': 'rth'}"
"{'target_mode': 'rmult', 'rr': 2.0, 'stop_points': 80.0, 'entry_session': 'full'}",974,36.139630390143736,1257.7642045454545,-769.6334405144695,-36.9394250513347,-1.115237383244853,0.924842076237905,-35979.0,-50114.0,50,-719.58,-1087.75,-8853.5,42.0,True,2022-08-10,24.64065708418891,59.034907597535934,16.324435318275153,"{'target_mode': 'rmult', 'rr': 2.0, 'stop_points': 80.0, 'entry_session': 'full'}"
"{'target_mode': 'rmult', 'rr': 3.0, 'stop_points': 20.0, 'entry_session': 'rth'}",911,26.344676180021953,579.4479166666666,-210.59761549925486,-2.4626783754116355,-0.2119882903726431,0.9841236704856664,-2243.5,-12160.5,50,-44.87,-195.0,-3204.0,44.0,True,2022-08-19,25.356750823271128,73.32601536772778,1.3172338090010975,"{'target_mode': 'rmult', 'rr': 3.0, 'stop_points': 20.0, 'entry_session': 'rth'}"
"{'target_mode': 'rmult', 'rr': 3.0, 'stop_points': 20.0, 'entry_session': 'full'}",974,22.895277207392198,589.762331838565,-210.3641810918775,-27.17299794661191,-2.5152709024433033,0.8324730114220789,-26466.5,-26255.5,50,-529.33,-569.0,-3521.0,34.0,True,2022-08-18,22.68993839835729,76.69404517453799,0.6160164271047228,"{'target_mode': 'rmult', 'rr': 3.0, 'stop_points': 20.0, 'entry_session': 'full'}"
"{'target_mode': 'rmult', 'rr': 3.0, 'stop_points': 30.0, 'entry_session': 'rth'}",911,27.8814489571899,825.3976377952756,-307.78843226788433,8.1602634467618,0.4735110663248492,1.0367624878224877,7434.0,-18620.5,50,148.68,140.0,-5598.0,56.00000000000001,True,2022-08-16,24.807903402854006,70.91108671789243,4.281009879253568,"{'target_mode': 'rmult', 'rr': 3.0, 'stop_points': 30.0, 'entry_session': 'rth'}"
"{'target_mode': 'rmult', 'rr': 3.0, 'stop_points': 30.0, 'entry_session': 'full'}",974,23.613963039014372,877.5652173913044,-308.5403225806452,-28.453798767967147,-1.7510931775205458,0.8792702370684022,-27714.0,-39999.5,50,-554.28,-642.0,-5909.0,36.0,True,2022-08-15,22.99794661190965,75.564681724846,1.4373716632443532,"{'target_mode': 'rmult', 'rr': 3.0, 'stop_points': 30.0, 'entry_session': 'full'}"
"{'target_mode': 'rmult', 'rr': 3.0, 'stop_points': 50.0, 'entry_session': 'rth'}",911,31.50384193194292,1093.1724738675957,-494.30128205128204,5.813940724478595,0.22017080960471352,1.0171716745989547,5296.5,-28924.5,50,105.93,674.5,-5473.5,54.0,True,2022-08-11,18.331503841931944,65.20307354555433,16.465422612513724,"{'target_mode': 'rmult', 'rr': 3.0, 'stop_points': 50.0, 'entry_session': 'rth'}"
"{'target_mode': 'rmult', 'rr': 3.0, 'stop_points': 50.0, 'entry_session': 'full'}",974,26.48870636550308,1248.389534883721,-499.50558659217876,-36.51078028747433,-1.4090860432887153,0.9005678799706973,-35561.5,-40830.5,50,-711.23,-870.0,-8726.0,42.0,True,2022-08-10,19.917864476386036,71.14989733059548,8.932238193018481,"{'target_mode': 'rmult', 'rr': 3.0, 'stop_points': 50.0, 'entry_session': 'full'}"
"{'target_mode': 'rmult', 'rr': 3.0, 'stop_points': 80.0, 'entry_session': 'rth'}",911,36.55323819978046,1203.144144144144,-729.2223183391003,-22.87980241492865,-0.640067749826893,0.9505481143703121,-20843.5,-40165.0,50,-416.87,-425.75,-8766.0,46.0,True,2022-08-10,9.989023051591657,53.787047200878156,36.223929747530185,"{'target_mode': 'rmult', 'rr': 3.0, 'stop_points': 80.0, 'entry_session': 'rth'}"
"{'target_mode': 'rmult', 'rr': 3.0, 'stop_points': 80.0, 'entry_session': 'full'}",974,32.340862422997944,1473.2063492063492,-767.7261001517451,-42.98921971252567,-1.143935702031775,0.9172387961611403,-41871.5,-60661.5,50,-837.43,-1066.25,-9971.0,34.0,True,2022-08-10,13.244353182751539,62.422997946611915,24.33264887063655,"{'target_mode': 'rmult', 'rr': 3.0, 'stop_points': 80.0, 'entry_session': 'full'}"
"{'target_mode': 'rmult', 'rr': 5.0, 'stop_points': 20.0, 'entry_session': 'rth'}",911,19.978046103183313,914.8928571428571,-210.40672153635117,14.406147091108672,0.9419174249895308,1.0855616367802903,13124.0,-10062.0,50,262.48,402.5,-3798.0,57.99999999999999,True,2022-08-19,17.56311745334797,79.582875960483,2.8540065861690453,"{'target_mode': 'rmult', 'rr': 5.0, 'stop_points': 20.0, 'entry_session': 'rth'}"
"{'target_mode': 'rmult', 'rr': 5.0, 'stop_points': 20.0, 'entry_session': 'full'}",974,16.2217659137577,965.7088607594936,-210.41482843137254,-19.626796714579054,-1.400077851139521,0.8886623936726297,-19116.5,-22229.5,50,-382.33,-394.0,-4009.0,46.0,True,2022-08-18,15.503080082135522,83.3675564681725,1.1293634496919918,"{'target_mode': 'rmult', 'rr': 5.0, 'stop_points': 20.0, 'entry_session': 'full'}"
"{'target_mode': 'rmult', 'rr': 5.0, 'stop_points': 30.0, 'entry_session': 'rth'}",911,22.502744237102085,1122.878048780488,-307.83781869688386,14.112513721185511,0.6590059765279607,1.0591556294818791,12856.5,-18580.0,50,257.13,367.5,-5598.0,52.0,True,2022-08-16,13.830954994511528,76.18002195389681,9.989023051591657,"{'target_mode': 'rmult', 'rr': 5.0, 'stop_points': 30.0, 'entry_session': 'rth'}"
"{'target_mode': 'rmult', 'rr': 5.0, 'stop_points': 30.0, 'entry_session': 'full'}",974,17.453798767967147,1308.8529411764705,-308.7238805970149,-26.395277207392198,-1.2913411800749872,0.8964240534377593,-25709.0,-34950.0,50,-514.18,-252.5,-5909.0,48.0,True,2022-08-15,14.065708418891171,81.72484599589322,4.209445585215605,"{'target_mode': 'rmult', 'rr': 5.0, 'stop_points': 30.0, 'entry_session': 'full'}"
"{'target_mode': 'rmult', 'rr': 5.0, 'stop_points': 50.0, 'entry_session': 'rth'}",911,28.3205268935236,1248.2248062015503,-492.4663093415008,0.5065861690450055,0.016660853191181397,1.0014350994541024,461.5,-25582.5,50,9.23,257.25,-5939.5,52.0,True,2022-08-10,7.4643249176728865,67.83754116355654,24.69813391877058,"{'target_mode': 'rmult', 'rr': 5.0, 'stop_points': 50.0, 'entry_session': 'rth'}"
"{'target_mode': 'rmult', 'rr': 5.0, 'stop_points': 50.0, 'entry_session': 'full'}",974,22.484599589322382,1564.3196347031962,-497.99668874172187,-34.29312114989733,-1.1045318067537746,0.9111632700555204,-33401.5,-42972.5,50,-668.03,-101.75,-9818.5,48.0,True,2022-08-10,9.650924024640657,74.74332648870636,15.605749486652979,"{'target_mode': 'rmult', 'rr': 5.0, 'stop_points': 50.0, 'entry_session': 'full'}"
"{'target_mode': 'rmult', 'rr': 5.0, 'stop_points': 80.0, 'entry_session': 'rth'}",911,35.56531284302964,1235.5354938271605,-729.3688245315162,-30.544456641053788,-0.7939119790910313,0.9350071647208444,-27826.0,-49515.0,50,-556.52,-692.0,-9957.5,42.0,True,2022-08-10,2.634467618002195,54.665203073545555,42.700329308452254,"{'target_mode': 'rmult', 'rr': 5.0, 'stop_points': 80.0, 'entry_session': 'rth'}"
"{'target_mode': 'rmult', 'rr': 5.0, 'stop_points': 80.0, 'entry_session': 'full'}",974,30.698151950718685,1536.1655518394648,-768.4037037037037,-60.9435318275154,-1.4933266364769013,0.8855559143775696,-59359.0,-83166.0,50,-1187.18,-2258.5,-11415.0,42.0,True,2022-08-10,3.798767967145791,63.96303901437371,32.238193018480494,"{'target_mode': 'rmult', 'rr': 5.0, 'stop_points': 80.0, 'entry_session': 'full'}"
"{'target_mode': 'rmult', 'rr': 8.0, 'stop_points': 20.0, 'entry_session': 'rth'}",911,16.02634467618002,1198.3835616438357,-210.4346405228758,15.34742041712404,0.827174637421106,1.0868510552389234,13981.5,-11376.5,50,279.63,-219.5,-4009.0,48.0,True,2022-08-19,9.659714599341383,83.53457738748628,6.805708013172337,"{'target_mode': 'rmult', 'rr': 8.0, 'stop_points': 20.0, 'entry_session': 'rth'}"
"{'target_mode': 'rmult', 'rr': 8.0, 'stop_points': 20.0, 'entry_session': 'full'}",974,11.396303901437372,1328.662162162162,-210.44669756662805,-35.04517453798768,-2.120289820985248,0.8120534866242144,-34134.0,-33923.0,50,-682.68,-724.0,-4009.0,30.0,True,2022-08-18,8.316221765913758,88.19301848049281,3.4907597535934287,"{'target_mode': 'rmult', 'rr': 8.0, 'stop_points': 20.0, 'entry_session': 'full'}"
"{'target_mode': 'rmult', 'rr': 8.0, 'stop_points': 30.0, 'entry_session': 'rth'}",911,19.538968166849617,1306.8651685393259,-306.9652114597544,8.36059275521405,0.33736006042657407,1.0338502836597327,7616.5,-14160.5,50,152.33,-184.5,-5598.0,46.0,True,2022-08-15,6.147091108671789,78.81448957189902,15.0384193194292,"{'target_mode': 'rmult', 'rr': 8.0, 'stop_points': 30.0, 'entry_session': 'rth'}"
"{'target_mode': 'rmult', 'rr': 8.0, 'stop_points': 30.0, 'entry_session': 'full'}",974,14.476386036960985,1686.9432624113474,-308.10084033613447,-19.290554414784395,-0.7778546259209292,0.9267907795891649,-18789.0,-30044.5,50,-375.78,-430.0,-6531.0,42.0,True,2022-08-15,7.7002053388090355,84.49691991786447,7.802874743326489,"{'target_mode': 'rmult', 'rr': 8.0, 'stop_points': 30.0, 'entry_session': 'full'}"
"{'target_mode': 'rmult', 'rr': 8.0, 'stop_points': 50.0, 'entry_session': 'rth'}",911,27.552140504939626,1281.2211155378486,-492.13257575757575,-3.535675082327113,-0.108147762314171,0.9900833570653387,-3221.0,-28975.0,50,-64.42,-835.5,-5939.5,46.0,True,2022-08-10,2.0856201975850714,68.49615806805708,29.418221734357846,"{'target_mode': 'rmult', 'rr': 8.0, 'stop_points': 50.0, 'entry_session': 'rth'}"
"{'target_mode': 'rmult', 'rr': 8.0, 'stop_points': 50.0, 'entry_session': 'full'}",974,21.252566735112936,1611.7415458937198,-498.2001303780965,-49.78336755646817,-1.4844961578033762,0.8731051411927421,-48489.0,-55223.0,50,-969.78,-552.5,-9818.5,44.0,True,2022-08-10,2.8747433264887063,75.97535934291582,21.149897330595483,"{'target_mode': 'rmult', 'rr': 8.0, 'stop_points': 50.0, 'entry_session': 'full'}"
"{'target_mode': 'rmult', 'rr': 8.0, 'stop_points': 80.0, 'entry_session': 'rth'}",911,35.56531284302964,1254.5787037037037,-729.3688245315162,-23.771679473106477,-0.5891849903425423,0.949418355465917,-21656.0,-47357.5,50,-433.12,-738.0,-9905.0,42.0,True,2022-08-10,0.7683863885839737,54.665203073545555,44.56641053787047,"{'target_mode': 'rmult', 'rr': 8.0, 'stop_points': 80.0, 'entry_session': 'rth'}"
"{'target_mode': 'rmult', 'rr': 8.0, 'stop_points': 80.0, 'entry_session': 'full'}",974,30.49281314168378,1589.7996632996633,-767.9091580502215,-48.97741273100616,-1.1227336224273428,0.9082393923918176,-47704.0,-80848.5,50,-954.08,-832.5,-11791.5,40.0,True,2022-08-10,1.1293634496919918,64.06570841889116,34.80492813141684,"{'target_mode': 'rmult', 'rr': 8.0, 'stop_points': 80.0, 'entry_session': 'full'}"
