session,side,leg,reason,points,stop_pts,target_pts,rr,prior_ok,R,net,stop_usd,lvn,instrument
2022-08-09,1,0.8200000000000074,stop,-0.4200000000000017,0.4000000000000057,1.3367600000000124,3.3418999999999834,True,-1.0499999999999894,-216.00000000000085,200.00000000000284,0.2168166304685076,CL
2022-09-14,-1,1.3199999999999932,stop,-0.6699999999999875,0.6499999999999915,2.1457599999999957,3.3011692307692675,True,-1.030769230769225,-340.99999999999375,324.99999999999574,0.11822188714260859,CL
2022-09-30,-1,1.0100000000000051,target,1.64418000000002,0.49499999999999034,1.64418000000002,3.3215757575758627,True,3.3215757575758627,816.0900000000099,247.49999999999517,0.04743642423412318,CL
2022-10-05,1,0.769999999999996,target,1.2558599999999984,0.375,1.2558599999999984,3.348959999999996,True,3.348959999999996,621.9299999999992,187.5,0.238968857045251,CL
2022-11-24,-1,0.5699999999999932,stop,-0.2949999999999875,0.2749999999999915,0.9322599999999994,3.3900363636364665,True,-1.0727272727272605,-153.49999999999375,137.49999999999574,0.007854040670536185,CL
2022-12-01,-1,0.7999999999999972,stop,-0.4099999999999824,0.38999999999998636,1.3044000000000011,3.3446153846155044,True,-1.0512820512820429,-210.9999999999912,194.99999999999318,0.0924868400063806,CL
2022-12-02,-1,0.789999999999992,target,1.2882199999999955,0.3849999999999909,1.2882199999999955,3.346025974026041,True,3.346025974026041,638.1099999999977,192.49999999999545,0.01789036632154307,CL
2022-12-09,-1,0.6099999999999994,target,0.9969800000000077,0.2949999999999875,0.9969800000000077,3.3795932203391525,True,3.3795932203391525,492.4900000000039,147.49999999999375,0.03741541863298085,CL
2022-12-22,-1,0.46999999999999886,stop,-0.24499999999999034,0.22499999999999432,0.7704599999999999,3.4242666666667527,True,-1.0888888888888735,-128.49999999999517,112.49999999999716,0.056576725813131154,CL
2023-01-20,1,0.6799999999999926,stop,-0.3499999999999943,0.3299999999999983,1.1102399999999903,3.3643636363636245,True,-1.0606060606060488,-180.99999999999716,164.99999999999915,0.2302005342563678,CL
2023-02-13,-1,0.6099999999999994,stop,-0.3149999999999835,0.2949999999999875,0.9969800000000077,3.3795932203391525,True,-1.067796610169481,-163.49999999999176,147.49999999999375,0.021090581342947272,CL
2023-02-16,1,0.8799999999999955,stop,-0.44999999999998863,0.4299999999999926,1.4338400000000036,3.3345116279070424,True,-1.0465116279069684,-230.99999999999432,214.9999999999963,0.10380008261049153,CL
2023-02-24,1,0.6000000000000085,stop,-0.3100000000000023,0.29000000000000625,0.9808000000000163,3.3820689655172247,True,-1.0689655172413641,-161.00000000000114,145.00000000000313,0.08204147190990958,CL
2023-04-21,-1,0.4899999999999949,stop,-0.25499999999998124,0.23499999999998522,0.802819999999997,3.4162553191491383,True,-1.0851063829787118,-133.49999999999062,117.49999999999261,0.0032917080307226084,CL
2023-06-09,-1,0.46999999999999886,stop,-0.24499999999999034,0.22499999999999432,0.7704599999999999,3.4242666666667527,True,-1.0888888888888735,-128.49999999999517,112.49999999999716,0.062053202353742155,CL
2023-06-20,-1,0.5100000000000051,stop,-0.26500000000000057,0.24500000000000455,0.8351800000000082,3.4088979591836437,True,-1.0816326530612068,-138.50000000000028,122.50000000000227,0.001663790978555583,CL
2023-07-03,-1,0.4899999999999949,stop,-0.25499999999998124,0.23499999999998522,0.802819999999997,3.4162553191491383,True,-1.0851063829787118,-133.49999999999062,117.49999999999261,0.05639409077551893,CL
2023-12-11,1,0.539999999999992,stop,-0.2799999999999869,0.2599999999999909,0.8837199999999967,3.3989230769231833,True,-1.0769230769230642,-145.99999999999346,129.99999999999545,0.15326982767847586,CL
2023-12-18,-1,0.7900000000000063,stop,-0.40500000000000114,0.3850000000000051,1.2882200000000097,3.3460259740259546,True,-1.0519480519480409,-208.50000000000057,192.50000000000256,0.22749391727493917,CL
2024-01-16,-1,0.7199999999999989,target,1.1749599999999987,0.3499999999999943,1.1749599999999987,3.3570285714286223,True,3.3570285714286223,581.4799999999993,174.99999999999716,0.00229822783040302,CL
2024-04-03,-1,0.5499999999999972,stop,-0.2849999999999824,0.26499999999998636,0.8999000000000024,3.395849056603957,True,-1.0754716981131964,-148.4999999999912,132.49999999999318,0.0495409724583475,CL
2024-08-20,-1,0.8200000000000074,target,1.3367600000000124,0.4000000000000057,1.3367600000000124,3.3418999999999834,True,3.3418999999999834,662.3800000000062,200.00000000000284,0.025044737748578055,CL
2024-11-22,1,0.519999999999996,stop,-0.2699999999999818,0.2499999999999858,0.8513599999999997,3.4054400000001923,True,-1.0799999999999885,-140.9999999999909,124.9999999999929,0.18459855611463574,CL
2024-12-10,-1,0.46999999999999886,stop,-0.24499999999999034,0.22499999999999432,0.7704599999999999,3.4242666666667527,True,-1.0888888888888735,-128.49999999999517,112.49999999999716,0.09895541569183115,CL
2025-02-24,-1,0.4099999999999966,stop,-0.2149999999999892,0.19499999999999318,0.6733799999999945,3.453230769230862,True,-1.1025641025640858,-113.4999999999946,97.49999999999659,0.0807805324371404,CL
2025-04-09,1,1.3900000000000006,stop,-0.7050000000000054,0.6850000000000023,2.2590199999999996,3.2978394160583826,True,-1.0291970802919752,-358.50000000000273,342.50000000000114,0.18332319065972458,CL
2025-10-06,1,0.5600000000000023,target,0.9160800000000009,0.2700000000000031,0.9160800000000009,3.392888888888853,True,3.392888888888853,452.0400000000004,135.00000000000156,0.03902240426371891,CL
2026-01-16,-1,0.4399999999999977,stop,-0.23000000000000398,0.21000000000000085,0.7219199999999972,3.4377142857142586,True,-1.0952380952381098,-121.00000000000199,105.00000000000043,0.19460842188114916,CL
2026-02-20,1,0.6400000000000006,stop,-0.3299999999999841,0.30999999999998806,1.0455200000000104,3.372645161290486,True,-1.0645161290322478,-170.99999999999204,154.99999999999403,0.20168164227434826,CL
2026-05-14,1,1.019999999999996,target,1.6603599999999972,0.5,1.6603599999999972,3.3207199999999943,True,3.3207199999999943,824.1799999999986,250.0,0.1341628680547,CL
2026-05-29,-1,1.3599999999999994,stop,-0.6899999999999977,0.6700000000000017,2.210480000000004,3.2992238805970127,True,-1.0298507462686508,-350.99999999999886,335.00000000000085,0.02538435119901412,CL
2026-06-05,-1,1.1300000000000097,stop,-0.5750000000000028,0.5550000000000068,1.8383400000000165,3.3123243243243135,True,-1.0360360360360283,-293.5000000000014,277.5000000000034,0.009554964145782508,CL
2026-06-30,-1,0.8200000000000074,target,1.3367600000000124,0.4000000000000057,1.3367600000000124,3.3418999999999834,True,3.3418999999999834,662.3800000000062,200.00000000000284,0.004680147526389419,CL
2026-07-10,-1,0.960000000000008,target,1.5632800000000202,0.46999999999999886,1.5632800000000202,3.326127659574519,True,3.326127659574519,775.6400000000101,234.99999999999943,0.047185849670838456,CL
2026-08-19,-1,0.8200000000000074,stop,-0.4200000000000017,0.4000000000000057,1.3367600000000124,3.3418999999999834,True,-1.0499999999999894,-216.00000000000085,200.00000000000284,0.022889842632331903,CL
