instrument,level,filt,setups,n,months,fill,expR,win,rr,net,t,p
NQ,0.618,geometry,212,181,50,85.37735849056604,0.1204198519488551,26.519337016574585,3.27752941176475,2957.49499999993,0.8505136269417705,0.396169526561496
NQ,0.618,lvn,212,64,50,85.37735849056604,0.9309283190213724,45.3125,3.2715966386554904,14910.32499999999,3.452194411398309,0.0009986769991022
NQ,1.0,geometry,212,155,50,73.11320754716981,-0.0382962030136843,19.35483870967742,4.0492610837438425,-6937.5,-0.2368647596025665,0.8130764944902976
NQ,1.0,lvn,212,46,50,73.11320754716981,0.4134186975157775,28.26086956521739,4.049140345793489,5821.5,1.2128096366565957,0.2315311487301355
NQ,1.272,geometry,212,136,50,64.15094339622641,-0.2762754211205374,13.23529411764706,4.599718592964847,-19157.71999999995,-1.6813210729104238,0.095012627911215
NQ,1.272,lvn,212,34,50,64.15094339622641,-0.0267439502791191,17.647058823529413,4.604479400749125,-2784.6799999999566,-0.071408511523445,0.9435036603909518
NQ,1.618,geometry,212,125,50,58.9622641509434,-0.2138701648311486,12.8,5.300288659793783,-11113.839999999946,-1.127627231294524,0.2616545849291607
NQ,1.618,lvn,212,34,50,58.9622641509434,1.2103858398749558,35.294117647058826,5.297438423645343,9201.715000000018,2.299844899731355,0.0279196008689278
NQ,2.0,geometry,212,105,50,49.528301886792455,-0.2807423653187885,10.476190476190476,6.075268817204301,-10526.25,-1.31777647699872,0.1904739359623151
NQ,2.0,lvn,212,26,50,49.528301886792455,1.4314419232319784,34.61538461538461,6.07954802259887,9136.5,2.1177272869675536,0.0443174803377351
NQ,2.618,geometry,212,88,50,41.50943396226416,-0.4549972052187218,6.8181818181818175,7.330669793559043,-15526.55999999998,-2.015420233285866,0.0469470676974656
NQ,2.618,lvn,212,26,50,41.50943396226416,0.256570416835275,15.384615384615383,7.345459378311537,1843.4700000000196,0.4258214495885855,0.6738816228944781
NQ,3.618,geometry,212,61,50,28.77358490566038,0.169354002877981,11.475409836065571,9.36639490445863,-3426.970000000016,0.3950066835741552,0.6942387533393484
NQ,3.618,lvn,212,15,50,28.77358490566038,1.0571627687951513,20.0,9.389924812029973,1886.8049999999855,0.9479949751231108,0.3592095969267634
NQ,4.236,geometry,212,47,50,22.16981132075472,0.2181132218654832,10.638297872340424,10.616301886792442,-4152.9000000000015,0.410278151449893,0.6835066238966435
NQ,4.236,lvn,212,8,50,22.16981132075472,3.3610819806362238,37.5,10.660179361344523,3396.87000000001,1.567708128454538,0.1609351451534781
GC,0.618,geometry,107,70,50,65.42056074766356,0.2046199891725879,28.57142857142857,3.355323943661724,1773.4599999999018,0.8543997537206874,0.3958402883256756
GC,0.618,lvn,107,16,50,65.42056074766356,1.161599503379146,50.0,3.3257135813535657,3707.4100000000417,2.048931837638549,0.0583841027234092
GC,1.0,geometry,107,47,50,43.925233644859816,-0.6137801617593893,8.51063829787234,4.1470588235292745,-8182.00000000008,-2.8722092449074794,0.0061459948509769
GC,1.0,lvn,107,11,50,43.925233644859816,-0.0946765764425182,18.181818181818183,4.098039215686366,-2243.500000000009,-0.1488558315305295,0.8846264572173906
GC,1.272,geometry,107,40,50,37.38317757009346,-0.4834098867972002,10.0,4.70709409474336,-4143.899999999953,-1.7548436991560346,0.0871400614385623
GC,1.272,lvn,107,6,50,37.38317757009346,-1.0394231185686753,0.0,4.6659626972739705,-2046.0000000000025,-149.63449549100153,2.5289337201747197e-10
GC,1.618,geometry,107,28,50,26.16822429906542,-0.5927929591691644,7.142857142857142,5.425360938578166,-4895.5700000000825,-1.833274414695319,0.0778097154685112
GC,1.618,lvn,107,3,50,26.16822429906542,1.09065293259269,33.33333333333333,5.388097560975636,681.5599999999854,0.5075755628479233,0.6621888055449556
GC,2.0,geometry,107,21,50,19.626168224299064,-0.7122788216703686,4.761904761904762,6.222222222222014,-4343.500000000007,-2.059746605932161,0.052677257364911
GC,2.0,lvn,107,2,50,19.626168224299064,2.574422248335192,50.0,6.196043869956732,862.9999999999773,,
GC,2.618,geometry,107,15,50,14.018691588785046,-0.4796772179668647,6.666666666666667,7.501677419354601,-3119.7699999999963,-0.830887607247456,0.419982233636391
GC,2.618,lvn,107,0,50,14.018691588785046,,,,,,
GC,3.618,geometry,107,11,50,10.280373831775702,-1.061418667236396,0.0,9.566193548386796,-2296.000000000041,-160.94096352885896,2.107008463819714e-18
GC,3.618,lvn,107,1,50,10.280373831775702,-1.0540540540540655,0.0,9.512648648648392,-201.00000000000452,,
GC,4.236,geometry,107,6,50,5.607476635514018,-1.0719107522522684,0.0,10.88971598808281,-968.5000000000388,-170.9575152904192,1.2992827692127458e-10
GC,4.236,lvn,107,0,50,5.607476635514018,,,,,,
CL,0.618,geometry,234,173,50,73.93162393162393,-0.2711147308414182,17.91907514450867,3.3820689655172247,-10153.2099999994,-2.0847032479585463,0.0385734024131796
CL,0.618,lvn,234,35,50,73.93162393162393,0.1947944171151428,28.57142857142857,3.3643636363636245,1809.220000000132,0.5695780274187822,0.5727082434481728
CL,1.0,geometry,234,145,50,61.965811965811966,-0.4548121640800875,11.724137931034482,4.172413793103541,-12057.49999999952,-3.2424737357478643,0.0014726089796572
CL,1.0,lvn,234,29,50,61.965811965811966,0.5564100599132425,31.03448275862069,4.166666666666753,3261.0000000001014,1.2169991589186635,0.2337631321357591
CL,1.272,geometry,234,127,50,54.27350427350427,-0.2007115552315289,14.960629921259844,4.735172413793322,-5953.73999999946,-1.0883550155375987,0.2785157859330906
CL,1.272,lvn,234,17,50,54.27350427350427,0.6359450057206445,29.411764705882355,4.725770491803357,1775.3600000000777,0.964525997603756,0.3491351377241796
CL,1.618,geometry,234,96,50,41.02564102564103,-0.457759266953494,9.375,5.460738961039077,-9416.389999999596,-2.342294593206104,0.0212532804136172
CL,1.618,lvn,234,17,50,41.02564102564103,0.084851714210429,17.647058823529413,5.458714285714553,-304.789999999922,0.1361936684875759,0.8933670609684287
CL,2.0,geometry,234,79,50,33.76068376068376,-0.1389328662818711,12.658227848101266,6.264150943396361,-5176.499999999649,-0.5015718630311756,0.6173814947735952
CL,2.0,lvn,234,8,50,33.76068376068376,0.7630601850048725,25.0,6.231420765027298,537.0000000000578,0.6373442009235818,0.5441749279951145
CL,2.618,geometry,234,51,50,21.7948717948718,-0.7357271315794505,3.92156862745098,7.579166666666585,-6332.27999999983,-3.103576728394922,0.0031434540541216
CL,2.618,lvn,234,5,50,21.7948717948718,0.6715412714471487,20.0,7.579166666666585,-40.359999999998536,0.3871115270398527,0.7183877338564992
CL,3.618,geometry,234,31,50,13.247863247863249,-1.077544822271224,0.0,9.671574468085051,-4950.999999999876,-274.2095904669206,1.484510154541028e-52
CL,3.618,lvn,234,3,50,13.247863247863249,-1.0600086188321385,0.0,9.550953846154236,-562.9999999999804,-149.79482043711894,4.456330325383147e-05
CL,4.236,geometry,234,26,50,11.11111111111111,-0.6096754311995298,3.8461538461538463,10.965476410731256,-2997.6199999999035,-1.3060204926858583,0.2034354795036236
CL,4.236,lvn,234,2,50,11.11111111111111,-1.0833333333333195,0.0,10.950000000000587,-276.9999999999864,,
