session,net,stop_usd,R,rr
2022-09-02,-308.5,297.5,-1.0168067226890756,6.0588235294117645
2022-09-08,-259.75,248.75,-1.020100502512563,6.0703517587939695
2022-11-18,1346.5,222.5,6.078651685393258,6.078651685393258
2023-01-25,-261.0,250.0,-1.02,6.07
2023-02-03,-364.75,353.75,-1.0141342756183747,6.049469964664311
2023-03-17,-272.25,261.25,-1.0191387559808613,6.0669856459330145
2023-04-17,-122.25,111.25,-1.0449438202247192,6.157303370786517
2023-06-07,1054.0,173.75,6.100719424460432,6.100719424460432
2023-06-09,-204.75,193.75,-1.0258064516129033,6.090322580645161
2023-10-10,-252.25,241.25,-1.0207253886010363,6.072538860103627
2024-03-04,-197.25,186.25,-1.0268456375838926,6.093959731543624
2024-05-17,-147.25,136.25,-1.036697247706422,6.128440366972477
2024-05-21,-101.0,90.0,-1.0555555555555556,6.194444444444445
2024-06-11,-127.25,116.25,-1.043010752688172,6.150537634408602
2024-06-14,1309.0,216.25,6.08092485549133,6.08092485549133
2024-06-21,-229.75,218.75,-1.022857142857143,6.08
2024-09-18,-241.0,230.0,-1.0217391304347827,6.076086956521739
2024-11-13,1549.0,256.25,6.068292682926829,6.068292682926829
2024-12-10,-177.25,166.25,-1.0300751879699248,6.105263157894737
2025-06-05,1114.0,183.75,6.095238095238095,6.095238095238095
2025-07-16,2044.0,338.75,6.051660516605166,6.051660516605166
2025-07-30,1316.5,217.5,6.080459770114943,6.080459770114943
2025-10-22,-611.0,600.0,-1.0083333333333333,6.029166666666667
2025-12-04,1586.5,262.5,6.066666666666666,6.066666666666666
