hid,n,net_mean,sd,t,p,win,pos_years,n_years,sign_stable,note,bh_crit,bh_pass
E2_hour1_fade,600,-16.994166666666665,120.70900005991543,-3.4485445920756277,0.0006031811038398647,43.833333333333336,0.0,3.0,True,,0.005,True
E1_hour1_cont,600,14.59416666666667,120.70900005991543,2.961524123033417,0.0031824867870621177,55.833333333333336,3.0,3.0,True,,0.01,True
H1_dow0,119,28.108823529411772,116.9070220606049,2.6228626677745095,0.009870033364179208,58.82352941176471,3.0,3.0,True,,0.015000000000000003,True
B2_or30_fade,598,-13.266889632107022,127.4316092361721,-2.5459070325304953,0.01114959279496886,44.81605351170568,0.0,3.0,True,,0.02,True
B1_or30_cont,598,10.866889632107025,127.4316092361721,2.0853486765398026,0.03746182420992194,54.18060200668896,3.0,3.0,True,,0.025,False
C2_globex_fade,583,-8.73945111492281,143.97051198304604,-1.4656993178818452,0.14327025452938116,46.82675814751286,0.0,3.0,True,,0.030000000000000006,False
D2_pdh_pdl_fade,525,-6.935238095238094,146.69267966520115,-1.0832596966155619,0.27919136766256847,47.04761904761905,1.0,3.0,False,,0.035,False
C1_globex_cont,583,6.339451114922816,143.97051198304604,1.0631936780356646,0.28813506318190574,51.6295025728988,3.0,3.0,True,,0.04,False
F3_ext05atr_fade,120,-11.224999999999998,125.8188114684276,-0.97730786616726,0.3303993633285904,42.5,0.0,3.0,True,,0.045,False
H1_dow3,124,-15.210080645161293,177.89825755141854,-0.9520739116561903,0.3429266646711652,49.193548387096776,2.0,3.0,False,,0.05,False
E3_lunch_fade,578,-2.8864186851211064,80.39665369454256,-0.8631480102866783,0.3884147206915387,47.57785467128028,1.0,3.0,True,,0.05500000000000001,False
F4_ext05atr_cont,120,8.825000000000001,125.81881146842761,0.7683511731782693,0.4438006930496118,56.666666666666664,3.0,3.0,True,,0.06000000000000001,False
D1_pdh_pdl_cont,525,4.535238095238097,146.69267966520115,0.7083881729309679,0.4790192346245336,51.23809523809524,2.0,3.0,False,,0.065,False
H1_dow4,122,10.349180327868849,163.89516982979535,0.6974606577606582,0.48685253851738086,55.73770491803278,2.0,3.0,True,,0.07,False
H1_dow2,120,-8.391666666666667,161.03932962563684,-0.5708301368469937,0.5691911789158317,47.5,2.0,3.0,True,,0.075,False
G2_inside_va_breakout,264,-3.1706439393939356,128.70240579926676,-0.40027896869678153,0.689275994452814,49.24242424242424,1.0,3.0,False,,0.08,False
H1_dow1,116,4.481034482758624,144.11012013088435,0.3348981899979188,0.7383119662237372,55.172413793103445,2.0,3.0,False,,0.085,False
G1_outside_va_revert,337,-1.988575667655788,163.9320008065583,-0.22268621415063353,0.8239150375251446,50.74183976261127,2.0,3.0,False,,0.09,False
A1_gap_fade,289,-2.048615916955013,164.09782888872823,-0.21222992908608454,0.8320777829812671,49.48096885813148,2.0,3.0,False,,0.095,False
A2_gap_cont,289,-0.3513840830449786,164.09782888872823,-0.036402245247346796,0.9709868420908503,50.17301038062284,1.0,3.0,False,,0.1,False
F1_ext10atr_fade,11,,,,,,,,,too few observations,,False
F2_ext10atr_cont,11,,,,,,,,,too few observations,,False
