micros,int_dll,day_cap,p_pass,median_eval_days,p_breach_before_2nd_given_pass,p_2_payouts_given_pass,breakeven_fee,null_breakeven_fee,uplift,uplift_se,G9
1,inf,inf,0.0,,,,0.0,0.0,0.0,0.0,False
1,inf,600.0,0.0,,,,0.0,0.0,0.0,0.0,False
1,inf,1200.0,0.0,,,,0.0,0.0,0.0,0.0,False
1,400.0,inf,0.0,,,,0.0,0.0,0.0,0.0,False
1,400.0,600.0,0.0,,,,0.0,0.0,0.0,0.0,False
1,400.0,1200.0,0.0,,,,0.0,0.0,0.0,0.0,False
1,800.0,inf,0.0,,,,0.0,0.0,0.0,0.0,False
1,800.0,600.0,0.0,,,,0.0,0.0,0.0,0.0,False
1,800.0,1200.0,0.0,,,,0.0,0.0,0.0,0.0,False
2,inf,inf,0.0,,,,0.0,0.0,0.0,0.0,False
2,inf,600.0,0.0,,,,0.0,0.0,0.0,0.0,False
2,inf,1200.0,0.0,,,,0.0,0.0,0.0,0.0,False
2,400.0,inf,0.0,,,,0.0,0.0,0.0,0.0,False
2,400.0,600.0,0.0,,,,0.0,0.0,0.0,0.0,False
2,400.0,1200.0,0.0,,,,0.0,0.0,0.0,0.0,False
2,800.0,inf,0.0,,,,0.0,0.0,0.0,0.0,False
2,800.0,600.0,0.0,,,,0.0,0.0,0.0,0.0,False
2,800.0,1200.0,0.0,,,,0.0,0.0,0.0,0.0,False
3,inf,inf,0.0,,,,0.0,0.0,0.0,0.0,False
3,inf,600.0,0.0,,,,0.0,0.0,0.0,0.0,False
3,inf,1200.0,0.0,,,,0.0,0.0,0.0,0.0,False
3,400.0,inf,0.0,,,,0.0,0.0,0.0,0.0,False
3,400.0,600.0,0.0,,,,0.0,0.0,0.0,0.0,False
3,400.0,1200.0,0.0,,,,0.0,0.0,0.0,0.0,False
3,800.0,inf,0.0,,,,0.0,0.0,0.0,0.0,False
3,800.0,600.0,0.0,,,,0.0,0.0,0.0,0.0,False
3,800.0,1200.0,0.0,,,,0.0,0.0,0.0,0.0,False
5,inf,inf,0.0,,,,0.0,0.0,0.0,0.0,False
5,inf,600.0,0.0,,,,0.0,0.0,0.0,0.0,False
5,inf,1200.0,0.0,,,,0.0,0.0,0.0,0.0,False
5,400.0,inf,0.0,,,,0.0,0.0,0.0,0.0,False
5,400.0,600.0,0.0,,,,0.0,0.0,0.0,0.0,False
5,400.0,1200.0,0.0,,,,0.0,0.0,0.0,0.0,False
5,800.0,inf,0.0,,,,0.0,0.0,0.0,0.0,False
5,800.0,600.0,0.0,,,,0.0,0.0,0.0,0.0,False
5,800.0,1200.0,0.0,,,,0.0,0.0,0.0,0.0,False
8,inf,inf,0.0,,,,0.0,0.0,0.0,0.0,False
8,inf,600.0,0.0,,,,0.0,0.0,0.0,0.0,False
8,inf,1200.0,0.0,,,,0.0,0.0,0.0,0.0,False
8,400.0,inf,0.0,,,,0.0,0.0,0.0,0.0,False
8,400.0,600.0,0.0,,,,0.0,0.0,0.0,0.0,False
8,400.0,1200.0,0.0,,,,0.0,0.0,0.0,0.0,False
8,800.0,inf,0.0,,,,0.0,0.0,0.0,0.0,False
8,800.0,600.0,0.0,,,,0.0,0.0,0.0,0.0,False
8,800.0,1200.0,0.0,,,,0.0,0.0,0.0,0.0,False
10,inf,inf,0.0,,,,0.0,0.0,0.0,0.0,False
10,inf,600.0,0.0,,,,0.0,0.0,0.0,0.0,False
10,inf,1200.0,0.0,,,,0.0,0.0,0.0,0.0,False
10,400.0,inf,0.0,,,,0.0,0.0,0.0,0.0,False
10,400.0,600.0,0.0,,,,0.0,0.0,0.0,0.0,False
10,400.0,1200.0,0.0,,,,0.0,0.0,0.0,0.0,False
10,800.0,inf,0.0,,,,0.0,0.0,0.0,0.0,False
10,800.0,600.0,0.0,,,,0.0,0.0,0.0,0.0,False
10,800.0,1200.0,0.0,,,,0.0,0.0,0.0,0.0,False
15,inf,inf,0.0,,,,0.0,0.0,0.0,0.0,False
15,inf,600.0,0.0,,,,0.0,0.0,0.0,0.0,False
15,inf,1200.0,0.0,,,,0.0,0.0,0.0,0.0,False
15,400.0,inf,0.0,,,,0.0,0.0,0.0,0.0,False
15,400.0,600.0,0.0,,,,0.0,0.0,0.0,0.0,False
15,400.0,1200.0,0.0,,,,0.0,0.0,0.0,0.0,False
15,800.0,inf,0.0,,,,0.0,0.0,0.0,0.0,False
15,800.0,600.0,0.0,,,,0.0,0.0,0.0,0.0,False
15,800.0,1200.0,0.0,,,,0.0,0.0,0.0,0.0,False
20,inf,inf,0.0,,,,0.0,0.0,0.0,0.0,False
20,inf,600.0,0.0,,,,0.0,0.0,0.0,0.0,False
20,inf,1200.0,0.0,,,,0.0,0.0,0.0,0.0,False
20,400.0,inf,0.0,,,,0.0,0.0,0.0,0.0,False
20,400.0,600.0,0.0,,,,0.0,0.0,0.0,0.0,False
20,400.0,1200.0,0.0,,,,0.0,0.0,0.0,0.0,False
20,800.0,inf,0.0,,,,0.0,0.0,0.0,0.0,False
20,800.0,600.0,0.0,,,,0.0,0.0,0.0,0.0,False
20,800.0,1200.0,0.0,,,,0.0,0.0,0.0,0.0,False
30,inf,inf,0.0,,,,0.0,20.64898482658293,-20.64898482658293,11.327217408777146,False
30,inf,600.0,0.0,,,,0.0,20.64898482658293,-20.64898482658293,11.327217408777146,False
30,inf,1200.0,0.0,,,,0.0,20.64898482658293,-20.64898482658293,11.327217408777146,False
30,400.0,inf,0.0,,,,0.0,16.232871387277193,-16.232871387277193,9.289994484252974,False
30,400.0,600.0,0.0,,,,0.0,16.232871387277193,-16.232871387277193,9.289994484252974,False
30,400.0,1200.0,0.0,,,,0.0,16.232871387277193,-16.232871387277193,9.289994484252974,False
30,800.0,inf,0.0,,,,0.0,20.64898482658293,-20.64898482658293,11.327217408777146,False
30,800.0,600.0,0.0,,,,0.0,20.64898482658293,-20.64898482658293,11.327217408777146,False
30,800.0,1200.0,0.0,,,,0.0,20.64898482658293,-20.64898482658293,11.327217408777146,False
40,inf,inf,0.0,,,,0.0,93.04926878611525,-93.04926878611525,27.544659182126814,False
40,inf,600.0,0.0,,,,0.0,93.04926878611525,-93.04926878611525,27.544659182126814,False
40,inf,1200.0,0.0,,,,0.0,93.04926878611525,-93.04926878611525,27.544659182126814,False
40,400.0,inf,0.0,,,,0.0,90.98718208090426,-90.98718208090426,26.25304469308129,False
40,400.0,600.0,0.0,,,,0.0,90.98718208090426,-90.98718208090426,26.25304469308129,False
40,400.0,1200.0,0.0,,,,0.0,90.98718208090426,-90.98718208090426,26.25304469308129,False
40,800.0,inf,0.0,,,,0.0,93.04926878611525,-93.04926878611525,27.544659182126814,False
40,800.0,600.0,0.0,,,,0.0,93.04926878611525,-93.04926878611525,27.544659182126814,False
40,800.0,1200.0,0.0,,,,0.0,93.04926878611525,-93.04926878611525,27.544659182126814,False
